TradeID,CounterpartyID,ProductType,Notional,FixedRate,FloatingRate,TradeDate,MaturityDate,PayReceive,Currency,BuyCurrency,SellCurrency,ForwardRate,SpotRate,OptionType,Underlying,Strike,CurrentPrice,Expiry,Volatility
IRS0000,CP012,IRS,29000000,0.0556210912295958,0.045,2025-12-09 02:05:18.482133,2029-04-14 02:05:18.482133,Pay_Fixed,USD,,,,,,,,,,
IRS0001,CP025,IRS,8000000,0.03420417213117219,0.045,2025-05-10 02:05:18.482167,2026-05-01 02:05:18.482167,Receive_Fixed,USD,,,,,,,,,,
IRS0002,CP013,IRS,22000000,0.023476811523496947,0.045,2025-04-03 02:05:18.482173,2030-03-23 02:05:18.482173,Receive_Fixed,USD,,,,,,,,,,
IRS0003,CP022,IRS,38000000,0.0423096906380175,0.045,2025-03-06 02:05:18.482176,2026-10-02 02:05:18.482176,Pay_Fixed,USD,,,,,,,,,,
IRS0004,CP017,IRS,48000000,0.02510321211182255,0.045,2025-05-21 02:05:18.482179,2027-02-04 02:05:18.482179,Receive_Fixed,USD,,,,,,,,,,
IRS0005,CP005,IRS,10000000,0.05598589588580048,0.045,2025-11-29 02:05:18.482182,2029-11-04 02:05:18.482182,Pay_Fixed,USD,,,,,,,,,,
IRS0006,CP002,IRS,49000000,0.03321393925123656,0.045,2025-11-02 02:05:18.482184,2026-07-15 02:05:18.482184,Receive_Fixed,USD,,,,,,,,,,
IRS0007,CP001,IRS,26000000,0.02901331190850113,0.045,2025-06-18 02:05:18.482187,2026-09-05 02:05:18.482187,Pay_Fixed,USD,,,,,,,,,,
IRS0008,CP023,IRS,8000000,0.05403270071344585,0.045,2025-10-12 02:05:18.482190,2027-07-08 02:05:18.482190,Pay_Fixed,USD,,,,,,,,,,
IRS0009,CP024,IRS,13000000,0.023209349826465688,0.045,2025-04-27 02:05:18.482192,2027-10-11 02:05:18.482192,Receive_Fixed,USD,,,,,,,,,,
IRS0010,CP008,IRS,41000000,0.05929514467634425,0.045,2025-04-17 02:05:18.482195,2027-10-18 02:05:18.482195,Receive_Fixed,USD,,,,,,,,,,
IRS0011,CP006,IRS,6000000,0.0430399367122264,0.045,2025-10-23 02:05:18.482197,2030-02-26 02:05:18.482197,Receive_Fixed,USD,,,,,,,,,,
IRS0012,CP004,IRS,19000000,0.05268288283797119,0.045,2025-09-09 02:05:18.482199,2030-07-12 02:05:18.482199,Receive_Fixed,USD,,,,,,,,,,
IRS0013,CP024,IRS,42000000,0.046745728796977234,0.045,2025-05-06 02:05:18.482202,2028-03-01 02:05:18.482202,Receive_Fixed,USD,,,,,,,,,,
IRS0014,CP002,IRS,19000000,0.041401469281796416,0.045,2025-04-27 02:05:18.482204,2029-12-31 02:05:18.482204,Pay_Fixed,USD,,,,,,,,,,
IRS0015,CP019,IRS,49000000,0.05077971732767747,0.045,2025-04-21 02:05:18.482206,2029-08-08 02:05:18.482206,Pay_Fixed,USD,,,,,,,,,,
IRS0016,CP022,IRS,8000000,0.03701745754465667,0.045,2025-07-24 02:05:18.482208,2026-06-12 02:05:18.482208,Receive_Fixed,USD,,,,,,,,,,
IRS0017,CP020,IRS,16000000,0.02459347298956814,0.045,2025-06-26 02:05:18.482211,2028-05-25 02:05:18.482211,Pay_Fixed,USD,,,,,,,,,,
IRS0018,CP014,IRS,42000000,0.04324952885690449,0.045,2025-11-15 02:05:18.482213,2029-05-10 02:05:18.482213,Receive_Fixed,USD,,,,,,,,,,
IRS0019,CP004,IRS,17000000,0.04130357730206343,0.045,2025-11-08 02:05:18.482215,2029-06-02 02:05:18.482215,Receive_Fixed,USD,,,,,,,,,,
IRS0020,CP006,IRS,14000000,0.04194412471752612,0.045,2025-12-01 02:05:18.482217,2027-06-29 02:05:18.482217,Pay_Fixed,USD,,,,,,,,,,
IRS0021,CP012,IRS,6000000,0.03289415379898892,0.045,2025-07-07 02:05:18.482219,2028-11-16 02:05:18.482219,Pay_Fixed,USD,,,,,,,,,,
IRS0022,CP020,IRS,5000000,0.025552990937680813,0.045,2025-01-21 02:05:18.482221,2028-02-22 02:05:18.482221,Receive_Fixed,USD,,,,,,,,,,
IRS0023,CP017,IRS,13000000,0.04382554962431377,0.045,2025-06-10 02:05:18.482223,2028-05-15 02:05:18.482223,Pay_Fixed,USD,,,,,,,,,,
IRS0024,CP006,IRS,39000000,0.033954730661719806,0.045,2025-04-15 02:05:18.482225,2029-11-12 02:05:18.482225,Receive_Fixed,USD,,,,,,,,,,
IRS0025,CP005,IRS,48000000,0.036340731717436674,0.045,2025-09-19 02:05:18.482228,2030-05-03 02:05:18.482228,Receive_Fixed,USD,,,,,,,,,,
IRS0026,CP024,IRS,15000000,0.05753361827284151,0.045,2025-03-05 02:05:18.482229,2030-01-06 02:05:18.482229,Pay_Fixed,USD,,,,,,,,,,
IRS0027,CP003,IRS,39000000,0.05705797694358844,0.045,2025-10-09 02:05:18.482232,2029-06-24 02:05:18.482232,Pay_Fixed,USD,,,,,,,,,,
IRS0028,CP022,IRS,33000000,0.025590895065051578,0.045,2025-06-27 02:05:18.482234,2029-03-05 02:05:18.482234,Receive_Fixed,USD,,,,,,,,,,
IRS0029,CP005,IRS,18000000,0.05198148523678062,0.045,2025-10-30 02:05:18.482236,2027-11-17 02:05:18.482236,Receive_Fixed,USD,,,,,,,,,,
IRS0030,CP021,IRS,41000000,0.052582988809255285,0.045,2025-10-13 02:05:18.482238,2029-03-08 02:05:18.482238,Receive_Fixed,USD,,,,,,,,,,
IRS0031,CP014,IRS,30000000,0.05631464521850063,0.045,2025-08-02 02:05:18.482240,2026-05-17 02:05:18.482240,Receive_Fixed,USD,,,,,,,,,,
IRS0032,CP013,IRS,46000000,0.03569780429690542,0.045,2025-03-05 02:05:18.482242,2028-08-01 02:05:18.482242,Pay_Fixed,USD,,,,,,,,,,
IRS0033,CP008,IRS,43000000,0.048551298194213034,0.045,2025-11-16 02:05:18.482244,2029-09-05 02:05:18.482244,Pay_Fixed,USD,,,,,,,,,,
IRS0034,CP019,IRS,42000000,0.04159124247658532,0.045,2025-08-28 02:05:18.482246,2028-09-15 02:05:18.482246,Receive_Fixed,USD,,,,,,,,,,
IRS0035,CP015,IRS,37000000,0.029288507805872693,0.045,2025-10-31 02:05:18.482248,2027-05-31 02:05:18.482248,Receive_Fixed,USD,,,,,,,,,,
IRS0036,CP015,IRS,6000000,0.04174211444455954,0.045,2025-03-03 02:05:18.482253,2029-01-27 02:05:18.482253,Pay_Fixed,USD,,,,,,,,,,
IRS0037,CP008,IRS,43000000,0.02467592162833456,0.045,2025-01-17 02:05:18.482255,2027-04-10 02:05:18.482255,Pay_Fixed,USD,,,,,,,,,,
IRS0038,CP003,IRS,11000000,0.04922196547237205,0.045,2025-08-08 02:05:18.482258,2029-04-05 02:05:18.482258,Pay_Fixed,USD,,,,,,,,,,
IRS0039,CP020,IRS,19000000,0.05514516461493753,0.045,2025-04-27 02:05:18.482260,2029-01-22 02:05:18.482260,Receive_Fixed,USD,,,,,,,,,,
IRS0040,CP020,IRS,34000000,0.0557557033220383,0.045,2025-06-07 02:05:18.482262,2029-04-25 02:05:18.482262,Pay_Fixed,USD,,,,,,,,,,
IRS0041,CP006,IRS,37000000,0.048279218449738356,0.045,2025-05-03 02:05:18.482264,2027-11-01 02:05:18.482264,Receive_Fixed,USD,,,,,,,,,,
IRS0042,CP023,IRS,37000000,0.021341297389431177,0.045,2025-03-06 02:05:18.482266,2026-04-24 02:05:18.482266,Pay_Fixed,USD,,,,,,,,,,
IRS0043,CP002,IRS,14000000,0.039759259485234504,0.045,2025-08-15 02:05:18.482269,2027-11-30 02:05:18.482269,Pay_Fixed,USD,,,,,,,,,,
IRS0044,CP001,IRS,42000000,0.04145925405938379,0.045,2025-08-20 02:05:18.482271,2028-03-07 02:05:18.482271,Receive_Fixed,USD,,,,,,,,,,
IRS0045,CP004,IRS,49000000,0.025099546493279296,0.045,2025-04-25 02:05:18.482273,2027-06-01 02:05:18.482273,Pay_Fixed,USD,,,,,,,,,,
IRS0046,CP015,IRS,33000000,0.04159442548451346,0.045,2025-03-30 02:05:18.482275,2028-07-24 02:05:18.482275,Receive_Fixed,USD,,,,,,,,,,
IRS0047,CP015,IRS,8000000,0.04889010273572265,0.045,2025-05-30 02:05:18.482277,2028-11-27 02:05:18.482277,Pay_Fixed,USD,,,,,,,,,,
IRS0048,CP019,IRS,40000000,0.04170897773390385,0.045,2025-07-30 02:05:18.482279,2028-09-05 02:05:18.482279,Receive_Fixed,USD,,,,,,,,,,
IRS0049,CP005,IRS,24000000,0.027263908672057025,0.045,2025-01-30 02:05:18.482281,2026-12-02 02:05:18.482281,Pay_Fixed,USD,,,,,,,,,,
IRS0050,CP008,IRS,42000000,0.02909403932119948,0.045,2025-07-02 02:05:18.482284,2028-06-28 02:05:18.482284,Receive_Fixed,USD,,,,,,,,,,
IRS0051,CP015,IRS,30000000,0.05789133358447261,0.045,2025-05-03 02:05:18.482286,2029-04-28 02:05:18.482286,Pay_Fixed,USD,,,,,,,,,,
IRS0052,CP013,IRS,44000000,0.04023554715537864,0.045,2025-02-10 02:05:18.482288,2029-01-13 02:05:18.482288,Receive_Fixed,USD,,,,,,,,,,
IRS0053,CP001,IRS,44000000,0.05488495635776605,0.045,2025-04-24 02:05:18.482290,2030-01-10 02:05:18.482290,Pay_Fixed,USD,,,,,,,,,,
IRS0054,CP012,IRS,40000000,0.05675002089042985,0.045,2025-06-25 02:05:18.482292,2029-04-02 02:05:18.482292,Receive_Fixed,USD,,,,,,,,,,
IRS0055,CP024,IRS,41000000,0.048289545372535936,0.045,2025-07-15 02:05:18.482294,2029-04-16 02:05:18.482294,Pay_Fixed,USD,,,,,,,,,,
IRS0056,CP017,IRS,32000000,0.03497741478881688,0.045,2025-02-02 02:05:18.482296,2026-01-17 02:05:18.482296,Receive_Fixed,USD,,,,,,,,,,
IRS0057,CP022,IRS,33000000,0.02416987864207238,0.045,2025-07-07 02:05:18.482299,2029-11-19 02:05:18.482299,Receive_Fixed,USD,,,,,,,,,,
IRS0058,CP022,IRS,15000000,0.03803357485616528,0.045,2025-09-09 02:05:18.482301,2028-10-08 02:05:18.482301,Pay_Fixed,USD,,,,,,,,,,
IRS0059,CP005,IRS,25000000,0.02662082041469159,0.045,2025-04-25 02:05:18.482303,2027-12-25 02:05:18.482303,Pay_Fixed,USD,,,,,,,,,,
IRS0060,CP022,IRS,27000000,0.056833675304694894,0.045,2025-06-17 02:05:18.482305,2027-09-08 02:05:18.482305,Receive_Fixed,USD,,,,,,,,,,
IRS0061,CP022,IRS,44000000,0.04431577575177034,0.045,2025-08-23 02:05:18.482307,2029-06-20 02:05:18.482307,Receive_Fixed,USD,,,,,,,,,,
IRS0062,CP009,IRS,13000000,0.0282231923350255,0.045,2025-01-30 02:05:18.482309,2029-10-16 02:05:18.482309,Receive_Fixed,USD,,,,,,,,,,
IRS0063,CP021,IRS,30000000,0.033339966867645766,0.045,2025-10-23 02:05:18.482311,2026-05-19 02:05:18.482311,Receive_Fixed,USD,,,,,,,,,,
IRS0064,CP020,IRS,29000000,0.05454072562451827,0.045,2025-03-21 02:05:18.482313,2028-12-18 02:05:18.482313,Pay_Fixed,USD,,,,,,,,,,
IRS0065,CP002,IRS,11000000,0.033878128075849105,0.045,2025-02-22 02:05:18.482316,2029-08-05 02:05:18.482316,Pay_Fixed,USD,,,,,,,,,,
IRS0066,CP017,IRS,47000000,0.021313866809737535,0.045,2025-08-23 02:05:18.482318,2027-01-23 02:05:18.482318,Receive_Fixed,USD,,,,,,,,,,
IRS0067,CP019,IRS,28000000,0.043105278163661886,0.045,2025-09-04 02:05:18.482320,2030-04-30 02:05:18.482320,Pay_Fixed,USD,,,,,,,,,,
IRS0068,CP006,IRS,28000000,0.03245892684531029,0.045,2025-08-23 02:05:18.482322,2029-12-08 02:05:18.482322,Receive_Fixed,USD,,,,,,,,,,
IRS0069,CP011,IRS,26000000,0.028803888563243882,0.045,2025-09-24 02:05:18.482324,2029-12-17 02:05:18.482324,Pay_Fixed,USD,,,,,,,,,,
IRS0070,CP021,IRS,11000000,0.05902165262731024,0.045,2025-06-10 02:05:18.482326,2027-04-20 02:05:18.482326,Receive_Fixed,USD,,,,,,,,,,
IRS0071,CP017,IRS,24000000,0.03658496494908095,0.045,2025-08-23 02:05:18.482328,2027-07-14 02:05:18.482328,Pay_Fixed,USD,,,,,,,,,,
IRS0072,CP008,IRS,11000000,0.04381540069280175,0.045,2025-12-12 02:05:18.482330,2030-02-19 02:05:18.482330,Receive_Fixed,USD,,,,,,,,,,
IRS0073,CP023,IRS,23000000,0.033975479961973316,0.045,2025-08-06 02:05:18.482332,2026-09-06 02:05:18.482332,Pay_Fixed,USD,,,,,,,,,,
IRS0074,CP017,IRS,49000000,0.03510903789760677,0.045,2025-05-08 02:05:18.482334,2029-06-20 02:05:18.482334,Pay_Fixed,USD,,,,,,,,,,
IRS0075,CP008,IRS,23000000,0.022628345577134095,0.045,2025-10-21 02:05:18.482336,2029-06-17 02:05:18.482336,Pay_Fixed,USD,,,,,,,,,,
IRS0076,CP019,IRS,6000000,0.04137823565028988,0.045,2025-05-04 02:05:18.482338,2028-10-28 02:05:18.482338,Receive_Fixed,USD,,,,,,,,,,
IRS0077,CP018,IRS,34000000,0.042385613252328716,0.045,2025-05-03 02:05:18.482341,2029-04-27 02:05:18.482341,Receive_Fixed,USD,,,,,,,,,,
IRS0078,CP004,IRS,5000000,0.033374512452419285,0.045,2025-08-10 02:05:18.482343,2030-01-14 02:05:18.482343,Receive_Fixed,USD,,,,,,,,,,
IRS0079,CP007,IRS,7000000,0.03493237265119012,0.045,2025-08-06 02:05:18.482345,2027-04-22 02:05:18.482345,Pay_Fixed,USD,,,,,,,,,,
IRS0080,CP019,IRS,38000000,0.036349366843923855,0.045,2025-10-22 02:05:18.482347,2028-09-11 02:05:18.482347,Receive_Fixed,USD,,,,,,,,,,
IRS0081,CP023,IRS,32000000,0.05359155437826282,0.045,2025-06-25 02:05:18.482349,2029-04-10 02:05:18.482349,Receive_Fixed,USD,,,,,,,,,,
IRS0082,CP008,IRS,5000000,0.04206890381037359,0.045,2025-05-10 02:05:18.482352,2026-04-21 02:05:18.482352,Receive_Fixed,USD,,,,,,,,,,
IRS0083,CP024,IRS,27000000,0.04687570974394913,0.045,2025-07-07 02:05:18.482354,2026-04-03 02:05:18.482354,Receive_Fixed,USD,,,,,,,,,,
IRS0084,CP008,IRS,41000000,0.027141786482173344,0.045,2025-05-30 02:05:18.482356,2027-11-09 02:05:18.482356,Receive_Fixed,USD,,,,,,,,,,
IRS0085,CP015,IRS,12000000,0.023977655710373805,0.045,2025-04-11 02:05:18.482358,2030-01-09 02:05:18.482358,Pay_Fixed,USD,,,,,,,,,,
IRS0086,CP024,IRS,18000000,0.04412789608707918,0.045,2025-01-24 02:05:18.482360,2025-08-30 02:05:18.482360,Pay_Fixed,USD,,,,,,,,,,
IRS0087,CP011,IRS,20000000,0.035887341184738186,0.045,2025-05-25 02:05:18.482362,2029-01-13 02:05:18.482362,Receive_Fixed,USD,,,,,,,,,,
IRS0088,CP022,IRS,25000000,0.03625569233094088,0.045,2025-06-13 02:05:18.482364,2029-12-23 02:05:18.482364,Receive_Fixed,USD,,,,,,,,,,
IRS0089,CP016,IRS,22000000,0.02052007694042944,0.045,2025-08-13 02:05:18.482366,2026-07-31 02:05:18.482366,Receive_Fixed,USD,,,,,,,,,,
IRS0090,CP001,IRS,27000000,0.05392512381867534,0.045,2025-04-03 02:05:18.482368,2027-07-14 02:05:18.482368,Pay_Fixed,USD,,,,,,,,,,
IRS0091,CP019,IRS,40000000,0.04571702254457012,0.045,2025-02-23 02:05:18.482370,2027-09-14 02:05:18.482370,Pay_Fixed,USD,,,,,,,,,,
IRS0092,CP002,IRS,5000000,0.05269774246953764,0.045,2025-03-09 02:05:18.482372,2029-01-30 02:05:18.482372,Pay_Fixed,USD,,,,,,,,,,
IRS0093,CP011,IRS,46000000,0.05300429325690639,0.045,2025-01-23 02:05:18.482375,2028-07-07 02:05:18.482375,Receive_Fixed,USD,,,,,,,,,,
IRS0094,CP023,IRS,16000000,0.05322618026260999,0.045,2025-09-07 02:05:18.482377,2027-06-24 02:05:18.482377,Receive_Fixed,USD,,,,,,,,,,
IRS0095,CP006,IRS,34000000,0.03451031578663782,0.045,2025-05-30 02:05:18.482379,2027-02-24 02:05:18.482379,Receive_Fixed,USD,,,,,,,,,,
IRS0096,CP012,IRS,39000000,0.057938132278486265,0.045,2025-04-18 02:05:18.482381,2028-01-21 02:05:18.482381,Pay_Fixed,USD,,,,,,,,,,
IRS0097,CP012,IRS,28000000,0.024569517036815872,0.045,2025-07-23 02:05:18.482383,2028-07-01 02:05:18.482383,Pay_Fixed,USD,,,,,,,,,,
IRS0098,CP024,IRS,27000000,0.05199421023789261,0.045,2025-09-08 02:05:18.482385,2029-12-20 02:05:18.482385,Receive_Fixed,USD,,,,,,,,,,
IRS0099,CP018,IRS,21000000,0.03074709437539784,0.045,2025-05-27 02:05:18.482387,2028-09-12 02:05:18.482387,Pay_Fixed,USD,,,,,,,,,,
IRS0100,CP002,IRS,49000000,0.03610200174387922,0.045,2025-08-12 02:05:18.482389,2027-03-01 02:05:18.482389,Receive_Fixed,USD,,,,,,,,,,
IRS0101,CP022,IRS,26000000,0.05339720947197196,0.045,2025-06-10 02:05:18.482391,2026-11-19 02:05:18.482391,Pay_Fixed,USD,,,,,,,,,,
IRS0102,CP013,IRS,38000000,0.030892293060774755,0.045,2025-01-22 02:05:18.482393,2026-01-26 02:05:18.482393,Receive_Fixed,USD,,,,,,,,,,
IRS0103,CP006,IRS,22000000,0.04118646714620324,0.045,2025-03-30 02:05:18.482396,2027-02-12 02:05:18.482396,Pay_Fixed,USD,,,,,,,,,,
IRS0104,CP004,IRS,45000000,0.03096220882748824,0.045,2025-07-19 02:05:18.482398,2029-05-13 02:05:18.482398,Receive_Fixed,USD,,,,,,,,,,
IRS0105,CP005,IRS,29000000,0.03989859575919562,0.045,2025-04-06 02:05:18.482400,2029-12-12 02:05:18.482400,Pay_Fixed,USD,,,,,,,,,,
IRS0106,CP023,IRS,46000000,0.02560074154641796,0.045,2025-07-20 02:05:18.482402,2029-11-08 02:05:18.482402,Receive_Fixed,USD,,,,,,,,,,
IRS0107,CP025,IRS,35000000,0.05495560310250061,0.045,2025-07-19 02:05:18.482404,2029-12-17 02:05:18.482404,Pay_Fixed,USD,,,,,,,,,,
IRS0108,CP002,IRS,16000000,0.0453239225342979,0.045,2025-05-29 02:05:18.482406,2028-02-26 02:05:18.482406,Receive_Fixed,USD,,,,,,,,,,
IRS0109,CP007,IRS,14000000,0.05657647783699839,0.045,2025-02-09 02:05:18.482409,2028-02-22 02:05:18.482409,Pay_Fixed,USD,,,,,,,,,,
IRS0110,CP021,IRS,32000000,0.050836455082570814,0.045,2025-08-08 02:05:18.482411,2028-08-25 02:05:18.482411,Pay_Fixed,USD,,,,,,,,,,
IRS0111,CP002,IRS,47000000,0.02737483682715853,0.045,2025-11-05 02:05:18.482413,2029-06-17 02:05:18.482413,Receive_Fixed,USD,,,,,,,,,,
IRS0112,CP004,IRS,30000000,0.022729988214163662,0.045,2025-08-07 02:05:18.482415,2026-06-16 02:05:18.482415,Receive_Fixed,USD,,,,,,,,,,
IRS0113,CP008,IRS,15000000,0.03422690865859796,0.045,2025-03-22 02:05:18.482417,2025-11-14 02:05:18.482417,Receive_Fixed,USD,,,,,,,,,,
IRS0114,CP007,IRS,44000000,0.04265618561187588,0.045,2025-07-16 02:05:18.482419,2030-05-10 02:05:18.482419,Pay_Fixed,USD,,,,,,,,,,
IRS0115,CP023,IRS,28000000,0.057473189572990316,0.045,2025-02-19 02:05:18.482421,2027-07-03 02:05:18.482421,Receive_Fixed,USD,,,,,,,,,,
IRS0116,CP024,IRS,37000000,0.030796448895687795,0.045,2025-09-06 02:05:18.482423,2028-01-05 02:05:18.482423,Receive_Fixed,USD,,,,,,,,,,
IRS0117,CP020,IRS,23000000,0.04380311722801019,0.045,2025-03-26 02:05:18.482425,2026-03-13 02:05:18.482425,Receive_Fixed,USD,,,,,,,,,,
IRS0118,CP017,IRS,49000000,0.02618688563532945,0.045,2025-04-06 02:05:18.482427,2027-12-26 02:05:18.482427,Receive_Fixed,USD,,,,,,,,,,
IRS0119,CP002,IRS,13000000,0.02300551126943235,0.045,2025-07-23 02:05:18.482430,2029-04-05 02:05:18.482430,Receive_Fixed,USD,,,,,,,,,,
IRS0120,CP001,IRS,29000000,0.04819702198755812,0.045,2025-08-24 02:05:18.482432,2026-05-10 02:05:18.482432,Pay_Fixed,USD,,,,,,,,,,
IRS0121,CP010,IRS,29000000,0.02985608132956427,0.045,2025-10-15 02:05:18.482435,2028-09-14 02:05:18.482435,Receive_Fixed,USD,,,,,,,,,,
IRS0122,CP018,IRS,41000000,0.02009357562503113,0.045,2025-12-12 02:05:18.482437,2029-10-28 02:05:18.482437,Receive_Fixed,USD,,,,,,,,,,
IRS0123,CP006,IRS,38000000,0.024123749840549796,0.045,2025-02-13 02:05:18.482439,2026-03-02 02:05:18.482439,Receive_Fixed,USD,,,,,,,,,,
IRS0124,CP012,IRS,21000000,0.05800949415283209,0.045,2025-04-04 02:05:18.482442,2027-11-03 02:05:18.482442,Receive_Fixed,USD,,,,,,,,,,
IRS0125,CP017,IRS,16000000,0.04167603789513433,0.045,2025-07-27 02:05:18.482444,2029-06-28 02:05:18.482444,Pay_Fixed,USD,,,,,,,,,,
IRS0126,CP019,IRS,12000000,0.04555797541337047,0.045,2025-11-07 02:05:18.482446,2029-10-07 02:05:18.482446,Receive_Fixed,USD,,,,,,,,,,
IRS0127,CP023,IRS,41000000,0.047691062580714094,0.045,2025-07-07 02:05:18.482448,2030-04-07 02:05:18.482448,Pay_Fixed,USD,,,,,,,,,,
IRS0128,CP008,IRS,29000000,0.056134552505441,0.045,2025-12-05 02:05:18.482450,2030-06-06 02:05:18.482450,Pay_Fixed,USD,,,,,,,,,,
IRS0129,CP015,IRS,30000000,0.0220638322663484,0.045,2025-04-25 02:05:18.482452,2029-09-16 02:05:18.482452,Pay_Fixed,USD,,,,,,,,,,
IRS0130,CP015,IRS,36000000,0.04822300690062753,0.045,2025-09-06 02:05:18.482454,2026-04-20 02:05:18.482454,Receive_Fixed,USD,,,,,,,,,,
IRS0131,CP017,IRS,27000000,0.04223226325748718,0.045,2025-07-20 02:05:18.482456,2029-06-25 02:05:18.482456,Pay_Fixed,USD,,,,,,,,,,
IRS0132,CP007,IRS,18000000,0.024820903151458577,0.045,2025-02-13 02:05:18.482458,2029-04-01 02:05:18.482458,Receive_Fixed,USD,,,,,,,,,,
IRS0133,CP009,IRS,12000000,0.058842329806614704,0.045,2025-05-20 02:05:18.482461,2030-02-12 02:05:18.482461,Receive_Fixed,USD,,,,,,,,,,
IRS0134,CP018,IRS,35000000,0.05448170603957253,0.045,2025-08-05 02:05:18.482462,2029-04-12 02:05:18.482462,Receive_Fixed,USD,,,,,,,,,,
IRS0135,CP003,IRS,22000000,0.040897383042846756,0.045,2025-07-15 02:05:18.482465,2029-12-19 02:05:18.482465,Receive_Fixed,USD,,,,,,,,,,
IRS0136,CP017,IRS,18000000,0.04385079513928212,0.045,2025-10-21 02:05:18.482467,2030-07-03 02:05:18.482467,Receive_Fixed,USD,,,,,,,,,,
IRS0137,CP012,IRS,49000000,0.023078128065168367,0.045,2025-08-16 02:05:18.482469,2029-12-09 02:05:18.482469,Receive_Fixed,USD,,,,,,,,,,
IRS0138,CP011,IRS,44000000,0.03764128646992646,0.045,2025-07-06 02:05:18.482471,2030-05-10 02:05:18.482471,Receive_Fixed,USD,,,,,,,,,,
IRS0139,CP012,IRS,43000000,0.03261161351322441,0.045,2025-08-20 02:05:18.482473,2029-08-21 02:05:18.482473,Receive_Fixed,USD,,,,,,,,,,
IRS0140,CP004,IRS,33000000,0.046466207003221655,0.045,2025-09-30 02:05:18.482475,2028-01-13 02:05:18.482475,Receive_Fixed,USD,,,,,,,,,,
IRS0141,CP018,IRS,37000000,0.05543910992944748,0.045,2025-08-23 02:05:18.482477,2027-06-04 02:05:18.482477,Pay_Fixed,USD,,,,,,,,,,
IRS0142,CP012,IRS,6000000,0.02097603126226152,0.045,2025-09-01 02:05:18.482479,2028-10-25 02:05:18.482479,Pay_Fixed,USD,,,,,,,,,,
IRS0143,CP002,IRS,34000000,0.020009500943035382,0.045,2025-04-04 02:05:18.482481,2028-08-01 02:05:18.482481,Receive_Fixed,USD,,,,,,,,,,
IRS0144,CP013,IRS,22000000,0.057562707940515837,0.045,2025-05-01 02:05:18.482483,2029-07-12 02:05:18.482483,Receive_Fixed,USD,,,,,,,,,,
IRS0145,CP007,IRS,33000000,0.05068753155724507,0.045,2025-08-24 02:05:18.482485,2028-02-25 02:05:18.482485,Receive_Fixed,USD,,,,,,,,,,
IRS0146,CP021,IRS,48000000,0.0451002185287348,0.045,2025-09-06 02:05:18.482487,2028-04-26 02:05:18.482487,Pay_Fixed,USD,,,,,,,,,,
IRS0147,CP012,IRS,14000000,0.023667973404457206,0.045,2025-07-14 02:05:18.482489,2028-09-03 02:05:18.482489,Receive_Fixed,USD,,,,,,,,,,
IRS0148,CP007,IRS,24000000,0.04950329206355565,0.045,2025-06-03 02:05:18.482491,2026-11-22 02:05:18.482491,Pay_Fixed,USD,,,,,,,,,,
IRS0149,CP017,IRS,7000000,0.0386924306615061,0.045,2025-02-07 02:05:18.482493,2028-04-03 02:05:18.482493,Pay_Fixed,USD,,,,,,,,,,
IRS0150,CP018,IRS,8000000,0.04862213260936968,0.045,2025-07-04 02:05:18.482495,2029-12-01 02:05:18.482495,Receive_Fixed,USD,,,,,,,,,,
IRS0151,CP025,IRS,5000000,0.05641356408230137,0.045,2025-05-20 02:05:18.482498,2027-09-14 02:05:18.482498,Receive_Fixed,USD,,,,,,,,,,
IRS0152,CP009,IRS,19000000,0.035373065886387264,0.045,2025-06-28 02:05:18.482500,2027-01-01 02:05:18.482500,Pay_Fixed,USD,,,,,,,,,,
IRS0153,CP004,IRS,16000000,0.058256627902377,0.045,2025-07-06 02:05:18.482502,2028-10-29 02:05:18.482502,Receive_Fixed,USD,,,,,,,,,,
IRS0154,CP005,IRS,47000000,0.04354216915892981,0.045,2025-10-07 02:05:18.482504,2029-05-24 02:05:18.482504,Receive_Fixed,USD,,,,,,,,,,
IRS0155,CP024,IRS,28000000,0.03869606044999478,0.045,2025-02-28 02:05:18.482506,2029-05-29 02:05:18.482506,Receive_Fixed,USD,,,,,,,,,,
IRS0156,CP002,IRS,29000000,0.04973411291574496,0.045,2025-03-12 02:05:18.482508,2027-07-15 02:05:18.482508,Pay_Fixed,USD,,,,,,,,,,
IRS0157,CP008,IRS,24000000,0.05351302941132981,0.045,2025-02-13 02:05:18.482510,2025-11-09 02:05:18.482510,Pay_Fixed,USD,,,,,,,,,,
IRS0158,CP021,IRS,49000000,0.024813550481399837,0.045,2025-08-01 02:05:18.482512,2027-12-26 02:05:18.482512,Receive_Fixed,USD,,,,,,,,,,
IRS0159,CP002,IRS,30000000,0.021469277497064544,0.045,2025-06-02 02:05:18.482514,2029-07-30 02:05:18.482514,Pay_Fixed,USD,,,,,,,,,,
FXF0160,CP005,FX_Forward,6000000,,,2025-08-08 02:05:18.482516,2029-05-20 02:05:18.482516,,,JPY,USD,0.0067874231264727835,0.0067,,,,,,
FXF0161,CP017,FX_Forward,10000000,,,2025-11-11 02:05:18.482518,2027-10-31 02:05:18.482518,,,GBP,USD,1.2938304136111531,1.27,,,,,,
FXF0162,CP017,FX_Forward,28000000,,,2025-06-21 02:05:18.482520,2027-12-19 02:05:18.482520,,,JPY,USD,0.006726069451411332,0.0067,,,,,,
FXF0163,CP018,FX_Forward,18000000,,,2025-11-22 02:05:18.482522,2028-10-05 02:05:18.482522,,,GBP,USD,1.270774594555188,1.27,,,,,,
FXF0164,CP006,FX_Forward,14000000,,,2025-04-20 02:05:18.482524,2025-11-26 02:05:18.482524,,,JPY,USD,0.006784643277497486,0.0067,,,,,,
FXF0165,CP009,FX_Forward,5000000,,,2025-07-09 02:05:18.482527,2028-01-14 02:05:18.482527,,,EUR,USD,1.1016268746073103,1.1,,,,,,
FXF0166,CP011,FX_Forward,10000000,,,2025-11-06 02:05:18.482529,2027-09-18 02:05:18.482529,,,GBP,USD,1.2882944422740303,1.27,,,,,,
FXF0167,CP009,FX_Forward,4000000,,,2025-04-28 02:05:18.482531,2028-06-09 02:05:18.482531,,,JPY,USD,0.0066391531124614924,0.0067,,,,,,
FXF0168,CP010,FX_Forward,10000000,,,2025-10-24 02:05:18.482533,2029-07-03 02:05:18.482533,,,EUR,USD,1.1154965154672685,1.1,,,,,,
FXF0169,CP005,FX_Forward,12000000,,,2025-03-25 02:05:18.482535,2029-01-27 02:05:18.482535,,,JPY,USD,0.006741604850811257,0.0067,,,,,,
FXF0170,CP015,FX_Forward,7000000,,,2025-03-06 02:05:18.482537,2028-03-18 02:05:18.482537,,,JPY,USD,0.006641412777434777,0.0067,,,,,,
FXF0171,CP018,FX_Forward,7000000,,,2025-11-17 02:05:18.482539,2027-08-19 02:05:18.482539,,,JPY,USD,0.00675987659046854,0.0067,,,,,,
FXF0172,CP013,FX_Forward,29000000,,,2025-05-02 02:05:18.482541,2027-10-30 02:05:18.482541,,,EUR,USD,1.0876880608857917,1.1,,,,,,
FXF0173,CP018,FX_Forward,9000000,,,2025-03-12 02:05:18.482543,2027-09-29 02:05:18.482543,,,EUR,USD,1.1216249147463822,1.1,,,,,,
FXF0174,CP019,FX_Forward,27000000,,,2025-03-03 02:05:18.482546,2028-03-11 02:05:18.482546,,,EUR,USD,1.0991458094023725,1.1,,,,,,
FXF0175,CP002,FX_Forward,9000000,,,2025-09-08 02:05:18.482548,2028-08-31 02:05:18.482548,,,JPY,USD,0.0066592128677177885,0.0067,,,,,,
FXF0176,CP001,FX_Forward,7000000,,,2025-03-05 02:05:18.482550,2029-12-30 02:05:18.482550,,,JPY,USD,0.00679768409192237,0.0067,,,,,,
FXF0177,CP001,FX_Forward,28000000,,,2025-01-31 02:05:18.482552,2029-11-16 02:05:18.482552,,,JPY,USD,0.006798667095485815,0.0067,,,,,,
FXF0178,CP013,FX_Forward,12000000,,,2025-02-13 02:05:18.482554,2029-02-08 02:05:18.482554,,,JPY,USD,0.00660898722822846,0.0067,,,,,,
FXF0179,CP010,FX_Forward,5000000,,,2025-07-20 02:05:18.482556,2027-02-09 02:05:18.482556,,,EUR,USD,1.1086887443134485,1.1,,,,,,
FXF0180,CP007,FX_Forward,6000000,,,2025-12-10 02:05:18.482558,2030-11-11 02:05:18.482558,,,JPY,USD,0.00675332951779461,0.0067,,,,,,
FXF0181,CP025,FX_Forward,20000000,,,2025-11-09 02:05:18.482560,2028-10-06 02:05:18.482560,,,JPY,USD,0.006823632497233556,0.0067,,,,,,
FXF0182,CP010,FX_Forward,12000000,,,2025-06-05 02:05:18.482563,2026-08-14 02:05:18.482563,,,JPY,USD,0.006787318889151356,0.0067,,,,,,
FXF0183,CP018,FX_Forward,5000000,,,2025-10-26 02:05:18.482565,2028-04-01 02:05:18.482565,,,EUR,USD,1.1107143632768308,1.1,,,,,,
FXF0184,CP012,FX_Forward,8000000,,,2025-11-27 02:05:18.482567,2027-08-18 02:05:18.482567,,,GBP,USD,1.2868724162402534,1.27,,,,,,
FXF0185,CP014,FX_Forward,28000000,,,2025-06-25 02:05:18.482569,2025-12-31 02:05:18.482569,,,GBP,USD,1.2591815371652857,1.27,,,,,,
FXF0186,CP008,FX_Forward,3000000,,,2025-05-08 02:05:18.482571,2028-02-05 02:05:18.482571,,,EUR,USD,1.1026331497415887,1.1,,,,,,
FXF0187,CP006,FX_Forward,20000000,,,2025-07-09 02:05:18.482573,2028-03-12 02:05:18.482573,,,EUR,USD,1.1123131973866505,1.1,,,,,,
FXF0188,CP009,FX_Forward,3000000,,,2025-10-29 02:05:18.482575,2029-10-13 02:05:18.482575,,,GBP,USD,1.2455361281119015,1.27,,,,,,
FXF0189,CP015,FX_Forward,6000000,,,2025-12-08 02:05:18.482577,2029-12-01 02:05:18.482577,,,JPY,USD,0.006671096524667313,0.0067,,,,,,
FXF0190,CP020,FX_Forward,5000000,,,2025-09-06 02:05:18.482579,2028-07-28 02:05:18.482579,,,EUR,USD,1.1127075072023127,1.1,,,,,,
FXF0191,CP017,FX_Forward,13000000,,,2025-04-25 02:05:18.482581,2028-08-15 02:05:18.482581,,,GBP,USD,1.2927227327234219,1.27,,,,,,
FXF0192,CP022,FX_Forward,2000000,,,2025-11-07 02:05:18.482583,2029-06-21 02:05:18.482583,,,GBP,USD,1.2805954578338137,1.27,,,,,,
FXF0193,CP018,FX_Forward,19000000,,,2025-03-09 02:05:18.482585,2028-06-16 02:05:18.482585,,,GBP,USD,1.276142508302588,1.27,,,,,,
FXF0194,CP012,FX_Forward,5000000,,,2025-02-15 02:05:18.482587,2026-08-22 02:05:18.482587,,,GBP,USD,1.294053239634212,1.27,,,,,,
FXF0195,CP012,FX_Forward,8000000,,,2025-06-16 02:05:18.482589,2028-12-05 02:05:18.482589,,,JPY,USD,0.006600863112355009,0.0067,,,,,,
FXF0196,CP006,FX_Forward,16000000,,,2025-09-10 02:05:18.482591,2026-08-01 02:05:18.482591,,,EUR,USD,1.0789734362672758,1.1,,,,,,
FXF0197,CP011,FX_Forward,27000000,,,2025-09-06 02:05:18.482593,2026-10-14 02:05:18.482593,,,JPY,USD,0.006785434552419702,0.0067,,,,,,
FXF0198,CP014,FX_Forward,3000000,,,2025-06-09 02:05:18.482595,2029-05-21 02:05:18.482595,,,JPY,USD,0.006685501925308969,0.0067,,,,,,
FXF0199,CP003,FX_Forward,14000000,,,2025-08-20 02:05:18.482597,2026-08-11 02:05:18.482597,,,EUR,USD,1.1195493599381448,1.1,,,,,,
FXF0200,CP023,FX_Forward,12000000,,,2025-06-06 02:05:18.482599,2028-04-03 02:05:18.482599,,,EUR,USD,1.0851994481324334,1.1,,,,,,
FXF0201,CP020,FX_Forward,23000000,,,2025-04-05 02:05:18.482602,2029-04-29 02:05:18.482602,,,GBP,USD,1.2838593972248538,1.27,,,,,,
FXF0202,CP017,FX_Forward,13000000,,,2025-07-06 02:05:18.482604,2026-03-05 02:05:18.482604,,,JPY,USD,0.00663923355323552,0.0067,,,,,,
FXF0203,CP016,FX_Forward,6000000,,,2025-04-02 02:05:18.482606,2029-02-20 02:05:18.482606,,,EUR,USD,1.1195191004873746,1.1,,,,,,
FXF0204,CP019,FX_Forward,26000000,,,2025-01-25 02:05:18.482608,2027-10-28 02:05:18.482608,,,JPY,USD,0.006824491486568416,0.0067,,,,,,
FXF0205,CP001,FX_Forward,27000000,,,2025-08-08 02:05:18.482610,2028-04-08 02:05:18.482610,,,EUR,USD,1.1212950165102324,1.1,,,,,,
FXF0206,CP003,FX_Forward,18000000,,,2025-11-26 02:05:18.482612,2028-04-12 02:05:18.482612,,,GBP,USD,1.2562816939792671,1.27,,,,,,
FXF0207,CP018,FX_Forward,16000000,,,2025-03-08 02:05:18.482616,2029-09-27 02:05:18.482616,,,EUR,USD,1.109456657768899,1.1,,,,,,
FXF0208,CP014,FX_Forward,26000000,,,2025-05-05 02:05:18.482618,2030-04-22 02:05:18.482618,,,JPY,USD,0.0068254758386811455,0.0067,,,,,,
FXF0209,CP008,FX_Forward,16000000,,,2025-10-21 02:05:18.482620,2026-08-01 02:05:18.482620,,,EUR,USD,1.0820112375778725,1.1,,,,,,
FXF0210,CP020,FX_Forward,8000000,,,2025-10-17 02:05:18.482622,2029-05-11 02:05:18.482622,,,JPY,USD,0.006792401905135327,0.0067,,,,,,
FXF0211,CP012,FX_Forward,22000000,,,2025-01-25 02:05:18.482625,2026-12-16 02:05:18.482625,,,JPY,USD,0.006779541817867559,0.0067,,,,,,
FXF0212,CP014,FX_Forward,16000000,,,2025-06-23 02:05:18.482627,2027-01-08 02:05:18.482627,,,GBP,USD,1.2759258359776535,1.27,,,,,,
FXF0213,CP007,FX_Forward,18000000,,,2025-03-09 02:05:18.482629,2026-10-14 02:05:18.482629,,,EUR,USD,1.0780542007473228,1.1,,,,,,
FXF0214,CP004,FX_Forward,10000000,,,2025-08-22 02:05:18.482631,2028-05-20 02:05:18.482631,,,GBP,USD,1.2794267165912319,1.27,,,,,,
FXF0215,CP022,FX_Forward,23000000,,,2025-03-01 02:05:18.482633,2027-01-27 02:05:18.482633,,,GBP,USD,1.2560574392361419,1.27,,,,,,
FXF0216,CP024,FX_Forward,9000000,,,2025-07-16 02:05:18.482635,2027-05-02 02:05:18.482635,,,EUR,USD,1.0898357097951443,1.1,,,,,,
FXF0217,CP017,FX_Forward,9000000,,,2025-08-09 02:05:18.482637,2028-01-14 02:05:18.482637,,,JPY,USD,0.006829806177183979,0.0067,,,,,,
FXF0218,CP018,FX_Forward,15000000,,,2025-07-12 02:05:18.482639,2028-02-17 02:05:18.482639,,,EUR,USD,1.0811876630629607,1.1,,,,,,
FXF0219,CP011,FX_Forward,14000000,,,2025-03-16 02:05:18.482641,2029-09-11 02:05:18.482641,,,JPY,USD,0.006726805506895975,0.0067,,,,,,
FXF0220,CP006,FX_Forward,10000000,,,2025-09-01 02:05:18.482643,2029-01-09 02:05:18.482643,,,EUR,USD,1.115845385476325,1.1,,,,,,
FXF0221,CP024,FX_Forward,10000000,,,2025-02-18 02:05:18.482645,2028-05-09 02:05:18.482645,,,JPY,USD,0.006694775861865098,0.0067,,,,,,
FXF0222,CP014,FX_Forward,16000000,,,2025-04-12 02:05:18.482648,2030-02-13 02:05:18.482648,,,EUR,USD,1.0825228657976773,1.1,,,,,,
FXF0223,CP020,FX_Forward,2000000,,,2025-06-21 02:05:18.482650,2027-10-25 02:05:18.482650,,,GBP,USD,1.2760023113033605,1.27,,,,,,
FXF0224,CP018,FX_Forward,29000000,,,2025-11-05 02:05:18.482652,2028-04-16 02:05:18.482652,,,GBP,USD,1.2840108805782822,1.27,,,,,,
FXF0225,CP001,FX_Forward,10000000,,,2025-06-27 02:05:18.482654,2030-01-13 02:05:18.482654,,,EUR,USD,1.1007793123089273,1.1,,,,,,
FXF0226,CP013,FX_Forward,21000000,,,2025-04-11 02:05:18.482656,2025-12-29 02:05:18.482656,,,EUR,USD,1.0816303755153787,1.1,,,,,,
FXF0227,CP002,FX_Forward,7000000,,,2025-11-18 02:05:18.482658,2029-07-28 02:05:18.482658,,,GBP,USD,1.2647637024310412,1.27,,,,,,
FXF0228,CP018,FX_Forward,16000000,,,2025-02-11 02:05:18.482660,2028-08-22 02:05:18.482660,,,JPY,USD,0.006619830236083095,0.0067,,,,,,
FXF0229,CP012,FX_Forward,18000000,,,2025-12-01 02:05:18.482662,2029-06-04 02:05:18.482662,,,GBP,USD,1.246692121560187,1.27,,,,,,
FXF0230,CP006,FX_Forward,10000000,,,2025-02-01 02:05:18.482664,2026-10-30 02:05:18.482664,,,JPY,USD,0.00659929095108312,0.0067,,,,,,
FXF0231,CP009,FX_Forward,19000000,,,2025-02-04 02:05:18.482666,2025-08-03 02:05:18.482666,,,GBP,USD,1.2759235127586137,1.27,,,,,,
FXF0232,CP020,FX_Forward,16000000,,,2025-11-08 02:05:18.482668,2026-06-26 02:05:18.482668,,,GBP,USD,1.2763654767388686,1.27,,,,,,
FXF0233,CP011,FX_Forward,21000000,,,2025-06-24 02:05:18.482672,2027-11-05 02:05:18.482672,,,JPY,USD,0.0066958187839498435,0.0067,,,,,,
FXF0234,CP003,FX_Forward,10000000,,,2025-11-24 02:05:18.482674,2028-05-08 02:05:18.482674,,,GBP,USD,1.2861187267140948,1.27,,,,,,
FXF0235,CP018,FX_Forward,23000000,,,2025-01-27 02:05:18.482676,2029-08-03 02:05:18.482676,,,GBP,USD,1.2668812465976687,1.27,,,,,,
FXF0236,CP025,FX_Forward,14000000,,,2025-03-25 02:05:18.482678,2026-12-13 02:05:18.482678,,,JPY,USD,0.006740278841814087,0.0067,,,,,,
FXF0237,CP023,FX_Forward,15000000,,,2025-07-25 02:05:18.482680,2028-06-19 02:05:18.482680,,,JPY,USD,0.006624749348611956,0.0067,,,,,,
FXF0238,CP023,FX_Forward,22000000,,,2025-07-24 02:05:18.482682,2027-05-22 02:05:18.482682,,,EUR,USD,1.0860131882903028,1.1,,,,,,
FXF0239,CP012,FX_Forward,19000000,,,2025-09-13 02:05:18.482684,2026-04-14 02:05:18.482684,,,JPY,USD,0.006577701324265573,0.0067,,,,,,
FXF0240,CP022,FX_Forward,6000000,,,2025-01-26 02:05:18.482686,2029-04-26 02:05:18.482686,,,GBP,USD,1.281135450336231,1.27,,,,,,
FXF0241,CP010,FX_Forward,20000000,,,2025-03-01 02:05:18.482688,2025-11-30 02:05:18.482688,,,EUR,USD,1.0997041812584873,1.1,,,,,,
FXF0242,CP022,FX_Forward,16000000,,,2025-05-13 02:05:18.482690,2028-11-08 02:05:18.482690,,,JPY,USD,0.0066251103814791825,0.0067,,,,,,
FXF0243,CP017,FX_Forward,22000000,,,2025-10-24 02:05:18.482692,2030-08-13 02:05:18.482692,,,EUR,USD,1.1149799058761853,1.1,,,,,,
FXF0244,CP024,FX_Forward,21000000,,,2025-07-14 02:05:18.482694,2026-06-12 02:05:18.482694,,,JPY,USD,0.006677463174127381,0.0067,,,,,,
FXF0245,CP012,FX_Forward,21000000,,,2025-06-11 02:05:18.482697,2026-08-14 02:05:18.482697,,,EUR,USD,1.0932211396720666,1.1,,,,,,
FXF0246,CP009,FX_Forward,5000000,,,2025-10-12 02:05:18.482699,2028-02-12 02:05:18.482699,,,GBP,USD,1.2886452000030204,1.27,,,,,,
FXF0247,CP004,FX_Forward,3000000,,,2025-06-07 02:05:18.482701,2027-02-14 02:05:18.482701,,,GBP,USD,1.2814430891490889,1.27,,,,,,
FXF0248,CP006,FX_Forward,8000000,,,2025-08-11 02:05:18.482703,2026-06-04 02:05:18.482703,,,JPY,USD,0.006807388099555018,0.0067,,,,,,
FXF0249,CP022,FX_Forward,13000000,,,2025-07-17 02:05:18.482705,2028-02-22 02:05:18.482705,,,GBP,USD,1.295000372470106,1.27,,,,,,
FXF0250,CP008,FX_Forward,22000000,,,2025-02-03 02:05:18.482707,2029-03-23 02:05:18.482707,,,JPY,USD,0.006732955044395013,0.0067,,,,,,
FXF0251,CP008,FX_Forward,5000000,,,2025-10-17 02:05:18.482709,2027-01-07 02:05:18.482709,,,JPY,USD,0.006629192281181069,0.0067,,,,,,
FXF0252,CP012,FX_Forward,15000000,,,2025-02-12 02:05:18.482711,2028-07-23 02:05:18.482711,,,GBP,USD,1.2537279019306085,1.27,,,,,,
FXF0253,CP005,FX_Forward,6000000,,,2025-06-17 02:05:18.482713,2026-08-06 02:05:18.482713,,,GBP,USD,1.270640852424455,1.27,,,,,,
FXF0254,CP022,FX_Forward,29000000,,,2025-06-27 02:05:18.482715,2027-01-16 02:05:18.482715,,,GBP,USD,1.2696077151075602,1.27,,,,,,
FXF0255,CP024,FX_Forward,8000000,,,2025-01-22 02:05:18.482717,2028-04-05 02:05:18.482717,,,EUR,USD,1.0975934312201172,1.1,,,,,,
FXF0256,CP007,FX_Forward,7000000,,,2025-03-18 02:05:18.482719,2027-10-16 02:05:18.482719,,,EUR,USD,1.1071553362763662,1.1,,,,,,
FXF0257,CP025,FX_Forward,29000000,,,2025-10-21 02:05:18.482721,2027-05-24 02:05:18.482721,,,EUR,USD,1.0952075876126774,1.1,,,,,,
FXF0258,CP005,FX_Forward,2000000,,,2025-09-04 02:05:18.482723,2027-11-16 02:05:18.482723,,,GBP,USD,1.2881857016992735,1.27,,,,,,
FXF0259,CP011,FX_Forward,11000000,,,2025-03-25 02:05:18.482725,2027-10-27 02:05:18.482725,,,EUR,USD,1.0884292257127668,1.1,,,,,,
FXF0260,CP016,FX_Forward,11000000,,,2025-10-22 02:05:18.482728,2029-12-06 02:05:18.482728,,,JPY,USD,0.006684462532173805,0.0067,,,,,,
FXF0261,CP009,FX_Forward,2000000,,,2025-10-15 02:05:18.482730,2028-10-17 02:05:18.482730,,,EUR,USD,1.0928281397629767,1.1,,,,,,
FXF0262,CP011,FX_Forward,13000000,,,2025-08-28 02:05:18.482732,2029-07-08 02:05:18.482732,,,EUR,USD,1.0889434279938557,1.1,,,,,,
FXF0263,CP022,FX_Forward,21000000,,,2025-12-09 02:05:18.482734,2029-11-10 02:05:18.482734,,,EUR,USD,1.0891112224113186,1.1,,,,,,
FXF0264,CP015,FX_Forward,6000000,,,2025-09-02 02:05:18.482736,2028-06-30 02:05:18.482736,,,EUR,USD,1.1046436789363752,1.1,,,,,,
FXF0265,CP024,FX_Forward,13000000,,,2025-06-01 02:05:18.482739,2027-06-28 02:05:18.482739,,,EUR,USD,1.1123987745131814,1.1,,,,,,
FXF0266,CP012,FX_Forward,28000000,,,2025-03-27 02:05:18.482742,2025-12-06 02:05:18.482742,,,JPY,USD,0.006798696703177554,0.0067,,,,,,
FXF0267,CP014,FX_Forward,3000000,,,2025-10-28 02:05:18.482745,2027-07-04 02:05:18.482745,,,EUR,USD,1.079504261701323,1.1,,,,,,
FXF0268,CP020,FX_Forward,27000000,,,2025-02-06 02:05:18.482747,2025-11-15 02:05:18.482747,,,EUR,USD,1.1013714592320454,1.1,,,,,,
FXF0269,CP003,FX_Forward,7000000,,,2025-02-09 02:05:18.482750,2029-07-23 02:05:18.482750,,,EUR,USD,1.1061601305408244,1.1,,,,,,
FXF0270,CP005,FX_Forward,2000000,,,2025-07-23 02:05:18.482752,2028-02-21 02:05:18.482752,,,EUR,USD,1.119090500771228,1.1,,,,,,
FXF0271,CP012,FX_Forward,11000000,,,2025-03-20 02:05:18.482754,2027-09-23 02:05:18.482754,,,EUR,USD,1.1037255108194741,1.1,,,,,,
FXF0272,CP011,FX_Forward,3000000,,,2025-08-12 02:05:18.482756,2028-04-23 02:05:18.482756,,,EUR,USD,1.0991154715900513,1.1,,,,,,
FXF0273,CP025,FX_Forward,8000000,,,2025-08-30 02:05:18.482758,2029-10-17 02:05:18.482758,,,EUR,USD,1.1061212772638822,1.1,,,,,,
FXF0274,CP011,FX_Forward,19000000,,,2025-07-09 02:05:18.482760,2026-04-12 02:05:18.482760,,,JPY,USD,0.006634132187412528,0.0067,,,,,,
FXF0275,CP020,FX_Forward,24000000,,,2025-07-20 02:05:18.482762,2028-03-23 02:05:18.482762,,,JPY,USD,0.0067447196210223565,0.0067,,,,,,
FXF0276,CP016,FX_Forward,19000000,,,2025-07-22 02:05:18.482764,2029-10-07 02:05:18.482764,,,GBP,USD,1.2602428410328326,1.27,,,,,,
FXF0277,CP008,FX_Forward,19000000,,,2025-08-16 02:05:18.482767,2028-06-19 02:05:18.482767,,,GBP,USD,1.28183126505174,1.27,,,,,,
FXF0278,CP008,FX_Forward,7000000,,,2025-01-29 02:05:18.482769,2026-10-05 02:05:18.482769,,,EUR,USD,1.0821316314947345,1.1,,,,,,
FXF0279,CP015,FX_Forward,3000000,,,2025-03-14 02:05:18.482771,2026-11-30 02:05:18.482771,,,EUR,USD,1.1203872606440977,1.1,,,,,,
FXF0280,CP011,FX_Forward,11000000,,,2025-09-13 02:05:18.482773,2029-11-02 02:05:18.482773,,,EUR,USD,1.114877072744517,1.1,,,,,,
FXF0281,CP017,FX_Forward,27000000,,,2025-10-17 02:05:18.482775,2026-12-19 02:05:18.482775,,,GBP,USD,1.2698564780116282,1.27,,,,,,
FXF0282,CP012,FX_Forward,28000000,,,2025-04-29 02:05:18.482777,2026-04-09 02:05:18.482777,,,JPY,USD,0.006718923412099206,0.0067,,,,,,
FXF0283,CP001,FX_Forward,2000000,,,2025-08-19 02:05:18.482780,2030-03-30 02:05:18.482780,,,EUR,USD,1.1083391770453888,1.1,,,,,,
FXF0284,CP014,FX_Forward,22000000,,,2025-01-30 02:05:18.482782,2028-04-07 02:05:18.482782,,,JPY,USD,0.006818154595498602,0.0067,,,,,,
FXF0285,CP002,FX_Forward,19000000,,,2025-03-10 02:05:18.482784,2029-05-26 02:05:18.482784,,,EUR,USD,1.103396150415317,1.1,,,,,,
FXF0286,CP001,FX_Forward,10000000,,,2025-08-09 02:05:18.482786,2028-11-20 02:05:18.482786,,,GBP,USD,1.2607600669238004,1.27,,,,,,
FXF0287,CP009,FX_Forward,22000000,,,2025-08-07 02:05:18.482788,2027-07-29 02:05:18.482788,,,EUR,USD,1.1163131518148395,1.1,,,,,,
FXF0288,CP011,FX_Forward,5000000,,,2025-10-17 02:05:18.482790,2028-05-12 02:05:18.482790,,,EUR,USD,1.0907021662033483,1.1,,,,,,
FXF0289,CP014,FX_Forward,5000000,,,2025-08-14 02:05:18.482793,2029-03-15 02:05:18.482793,,,GBP,USD,1.2651303283398725,1.27,,,,,,
FXF0290,CP002,FX_Forward,19000000,,,2025-12-13 02:05:18.482795,2030-10-14 02:05:18.482795,,,GBP,USD,1.266859155197729,1.27,,,,,,
FXF0291,CP019,FX_Forward,14000000,,,2025-04-19 02:05:18.482798,2026-01-04 02:05:18.482798,,,EUR,USD,1.11310380054978,1.1,,,,,,
FXF0292,CP022,FX_Forward,8000000,,,2025-02-27 02:05:18.482800,2026-01-05 02:05:18.482800,,,JPY,USD,0.0066666801635043025,0.0067,,,,,,
FXF0293,CP001,FX_Forward,13000000,,,2025-09-09 02:05:18.482802,2028-05-12 02:05:18.482802,,,EUR,USD,1.0924487740269435,1.1,,,,,,
FXF0294,CP021,FX_Forward,20000000,,,2025-08-10 02:05:18.482804,2028-07-24 02:05:18.482804,,,GBP,USD,1.2647255727337503,1.27,,,,,,
FXF0295,CP017,FX_Forward,18000000,,,2025-08-18 02:05:18.482806,2026-07-01 02:05:18.482806,,,EUR,USD,1.0977425193953914,1.1,,,,,,
FXF0296,CP011,FX_Forward,4000000,,,2025-10-27 02:05:18.482808,2026-10-25 02:05:18.482808,,,JPY,USD,0.006626908260106525,0.0067,,,,,,
FXF0297,CP002,FX_Forward,15000000,,,2025-09-16 02:05:18.482810,2030-02-06 02:05:18.482810,,,GBP,USD,1.2772428592225173,1.27,,,,,,
FXF0298,CP008,FX_Forward,17000000,,,2025-04-21 02:05:18.482812,2029-07-02 02:05:18.482812,,,EUR,USD,1.0947105743278862,1.1,,,,,,
FXF0299,CP021,FX_Forward,27000000,,,2025-03-17 02:05:18.482815,2027-11-06 02:05:18.482815,,,GBP,USD,1.2689424393835904,1.27,,,,,,
OPT0300,CP002,Equity_Option,4000000,,,2025-06-08 02:05:18.482817,,,,,,,,Put,GOOGL,252.0,245.96185918680723,2030-02-13 02:05:18.482817,0.2715810185586889
OPT0301,CP014,Equity_Option,5000000,,,2025-06-05 02:05:18.482819,,,,,,,,Put,MSFT,275.0,277.71778311367495,2028-08-11 02:05:18.482819,0.1891555971367092
OPT0302,CP015,Equity_Option,3000000,,,2025-10-06 02:05:18.482821,,,,,,,,Call,MSFT,179.0,184.2795947667348,2026-06-11 02:05:18.482821,0.16205347805791218
OPT0303,CP019,Equity_Option,4000000,,,2025-03-11 02:05:18.482823,,,,,,,,Put,GOOGL,120.0,119.50039750664641,2027-03-06 02:05:18.482823,0.20135531354410158
OPT0304,CP015,Equity_Option,8000000,,,2025-04-11 02:05:18.482825,,,,,,,,Put,AAPL,151.0,156.13690024525047,2025-11-29 02:05:18.482825,0.21226153983120072
OPT0305,CP002,Equity_Option,4000000,,,2025-09-29 02:05:18.482827,,,,,,,,Call,GOOGL,263.0,274.4476423387939,2030-04-09 02:05:18.482827,0.31463480311913206
OPT0306,CP012,Equity_Option,7000000,,,2025-07-13 02:05:18.482829,,,,,,,,Put,GOOGL,193.0,180.69236489203868,2026-08-01 02:05:18.482829,0.209055657844062
OPT0307,CP024,Equity_Option,4000000,,,2025-07-23 02:05:18.482831,,,,,,,,Put,MSFT,269.0,252.06529042425063,2026-05-24 02:05:18.482831,0.1674077925175317
OPT0308,CP024,Equity_Option,7000000,,,2025-09-19 02:05:18.482833,,,,,,,,Call,NDX,153.0,154.53693218998163,2026-04-29 02:05:18.482833,0.2775970411586595
OPT0309,CP009,Equity_Option,8000000,,,2025-06-12 02:05:18.482836,,,,,,,,Put,SPX,120.0,129.22095512036182,2026-03-29 02:05:18.482836,0.23220569396134094
OPT0310,CP024,Equity_Option,5000000,,,2025-03-04 02:05:18.482839,,,,,,,,Put,SPX,224.0,242.1839214944917,2027-09-30 02:05:18.482839,0.210412100366959
OPT0311,CP007,Equity_Option,2000000,,,2025-05-08 02:05:18.482841,,,,,,,,Put,SPX,251.0,267.1952387893867,2029-02-22 02:05:18.482841,0.3033312270400812
OPT0312,CP015,Equity_Option,2000000,,,2025-10-06 02:05:18.482843,,,,,,,,Call,AAPL,282.0,286.88471732309677,2028-07-29 02:05:18.482843,0.24457839312663643
OPT0313,CP016,Equity_Option,7000000,,,2025-10-28 02:05:18.482845,,,,,,,,Call,AAPL,248.0,227.94744195380002,2026-07-29 02:05:18.482845,0.25933948254281397
OPT0314,CP013,Equity_Option,9000000,,,2025-09-11 02:05:18.482847,,,,,,,,Call,SPX,237.0,225.4762943784069,2030-01-05 02:05:18.482847,0.34755710404297746
OPT0315,CP018,Equity_Option,6000000,,,2025-04-20 02:05:18.482849,,,,,,,,Call,NDX,134.0,136.60085737280454,2030-01-07 02:05:18.482849,0.23915818291544577
OPT0316,CP007,Equity_Option,3000000,,,2025-05-24 02:05:18.482851,,,,,,,,Put,MSFT,268.0,278.3145777109862,2028-05-07 02:05:18.482851,0.2706438820426744
OPT0317,CP007,Equity_Option,8000000,,,2025-05-10 02:05:18.482853,,,,,,,,Call,MSFT,201.0,204.15115406365769,2026-10-31 02:05:18.482853,0.27905796750514333
OPT0318,CP008,Equity_Option,6000000,,,2025-11-05 02:05:18.482856,,,,,,,,Call,AAPL,263.0,246.7922212802059,2028-10-19 02:05:18.482856,0.22099926116638746
OPT0319,CP002,Equity_Option,5000000,,,2025-09-05 02:05:18.482858,,,,,,,,Put,GOOGL,295.0,291.6021862523595,2026-12-09 02:05:18.482858,0.20422948730003695
OPT0320,CP022,Equity_Option,3000000,,,2025-02-28 02:05:18.482860,,,,,,,,Put,GOOGL,299.0,308.0224666690222,2028-12-27 02:05:18.482860,0.18806497256381355
OPT0321,CP002,Equity_Option,3000000,,,2025-04-04 02:05:18.482862,,,,,,,,Put,SPX,229.0,251.63158274392947,2029-01-31 02:05:18.482862,0.2961301020478492
OPT0322,CP022,Equity_Option,4000000,,,2025-05-06 02:05:18.482864,,,,,,,,Put,NDX,129.0,124.70609437638278,2027-08-30 02:05:18.482864,0.34233314719096264
OPT0323,CP023,Equity_Option,9000000,,,2025-11-21 02:05:18.482866,,,,,,,,Put,NDX,130.0,136.62578331846206,2026-08-20 02:05:18.482866,0.31436128878021735
OPT0324,CP012,Equity_Option,3000000,,,2025-04-08 02:05:18.482868,,,,,,,,Put,MSFT,111.0,107.6160878381054,2027-08-07 02:05:18.482868,0.3354355638958905
OPT0325,CP008,Equity_Option,4000000,,,2025-12-04 02:05:18.482870,,,,,,,,Put,GOOGL,122.0,119.54330834574714,2026-08-01 02:05:18.482870,0.33540019358485906
OPT0326,CP021,Equity_Option,8000000,,,2025-04-12 02:05:18.482872,,,,,,,,Put,NDX,207.0,196.3873880450441,2027-07-04 02:05:18.482872,0.3010540840993616
OPT0327,CP012,Equity_Option,2000000,,,2025-01-23 02:05:18.482874,,,,,,,,Put,MSFT,260.0,265.6412934583092,2028-06-30 02:05:18.482874,0.16262180661583003
OPT0328,CP018,Equity_Option,9000000,,,2025-09-05 02:05:18.482877,,,,,,,,Call,NDX,135.0,129.68446561052386,2030-01-28 02:05:18.482877,0.1675285493527677
OPT0329,CP020,Equity_Option,4000000,,,2025-02-27 02:05:18.482879,,,,,,,,Put,NDX,292.0,280.64261974242856,2028-06-19 02:05:18.482879,0.3246673323447695
OPT0330,CP011,Equity_Option,5000000,,,2025-06-17 02:05:18.482881,,,,,,,,Call,MSFT,105.0,113.80723143750278,2030-01-11 02:05:18.482881,0.22820855261163486
OPT0331,CP010,Equity_Option,3000000,,,2025-05-05 02:05:18.482883,,,,,,,,Put,NDX,111.0,120.55921376509494,2027-06-27 02:05:18.482883,0.2848607612818097
OPT0332,CP003,Equity_Option,9000000,,,2025-04-08 02:05:18.482886,,,,,,,,Put,MSFT,257.0,268.3810942606968,2027-08-17 02:05:18.482886,0.21450559556928303
OPT0333,CP002,Equity_Option,4000000,,,2025-07-20 02:05:18.482888,,,,,,,,Call,NDX,262.0,244.89268458529307,2027-07-03 02:05:18.482888,0.26460828578616985
OPT0334,CP025,Equity_Option,4000000,,,2025-09-09 02:05:18.482935,,,,,,,,Call,SPX,109.0,116.0300762872291,2030-02-03 02:05:18.482935,0.2712741888866751
OPT0335,CP022,Equity_Option,4000000,,,2025-04-01 02:05:18.482943,,,,,,,,Put,GOOGL,164.0,167.48509635823208,2028-01-13 02:05:18.482943,0.25051321529268844
OPT0336,CP013,Equity_Option,8000000,,,2025-01-23 02:05:18.482947,,,,,,,,Call,NDX,268.0,285.4307611334745,2029-10-05 02:05:18.482947,0.24564680460961444
OPT0337,CP004,Equity_Option,4000000,,,2025-12-10 02:05:18.482949,,,,,,,,Call,MSFT,295.0,273.4748110601345,2028-03-13 02:05:18.482949,0.237902337726582
OPT0338,CP011,Equity_Option,7000000,,,2025-11-28 02:05:18.482952,,,,,,,,Put,NDX,159.0,170.17606667413025,2027-01-14 02:05:18.482952,0.1804049706257296
OPT0339,CP010,Equity_Option,2000000,,,2025-03-09 02:05:18.482954,,,,,,,,Call,NDX,104.0,109.83984099022355,2027-02-10 02:05:18.482954,0.16155611219927332
OPT0340,CP023,Equity_Option,3000000,,,2025-04-11 02:05:18.482956,,,,,,,,Call,SPX,155.0,148.71800649534202,2026-09-18 02:05:18.482956,0.16492596286741634
OPT0341,CP019,Equity_Option,1000000,,,2025-03-31 02:05:18.482958,,,,,,,,Call,MSFT,255.0,244.96703252594736,2028-08-31 02:05:18.482958,0.25188442562995794
OPT0342,CP005,Equity_Option,4000000,,,2025-07-07 02:05:18.482961,,,,,,,,Call,MSFT,202.0,191.0473420358032,2027-07-02 02:05:18.482961,0.18475051913245888
OPT0343,CP007,Equity_Option,4000000,,,2025-07-15 02:05:18.482963,,,,,,,,Put,GOOGL,263.0,264.4223810017529,2029-01-16 02:05:18.482963,0.23095968581703996
OPT0344,CP022,Equity_Option,6000000,,,2025-06-19 02:05:18.482965,,,,,,,,Put,GOOGL,106.0,106.54069798573518,2028-12-16 02:05:18.482965,0.3427644550964702
OPT0345,CP021,Equity_Option,7000000,,,2025-07-04 02:05:18.482967,,,,,,,,Put,GOOGL,282.0,277.27108549733856,2028-03-03 02:05:18.482967,0.1774219411457998
OPT0346,CP013,Equity_Option,2000000,,,2025-11-11 02:05:18.482969,,,,,,,,Call,NDX,266.0,272.3280438680108,2027-01-13 02:05:18.482969,0.2758597612021472
OPT0347,CP013,Equity_Option,1000000,,,2025-06-18 02:05:18.482971,,,,,,,,Put,MSFT,280.0,296.88607826544745,2026-01-30 02:05:18.482971,0.1719472397355007
OPT0348,CP021,Equity_Option,4000000,,,2025-09-04 02:05:18.482973,,,,,,,,Put,GOOGL,287.0,295.38557308674797,2029-04-20 02:05:18.482973,0.3229320784280835
OPT0349,CP008,Equity_Option,4000000,,,2025-03-21 02:05:18.482975,,,,,,,,Call,SPX,211.0,221.01646866576516,2026-04-18 02:05:18.482975,0.3219130463293891
OPT0350,CP013,Equity_Option,1000000,,,2025-01-25 02:05:18.482977,,,,,,,,Call,SPX,141.0,149.03746653620502,2026-03-19 02:05:18.482977,0.28173842924148873
OPT0351,CP016,Equity_Option,2000000,,,2025-10-10 02:05:18.482979,,,,,,,,Call,SPX,268.0,278.08402024623865,2029-03-22 02:05:18.482979,0.157685269792465
OPT0352,CP011,Equity_Option,8000000,,,2025-06-29 02:05:18.482981,,,,,,,,Call,NDX,287.0,303.1391823253692,2026-12-10 02:05:18.482981,0.32902354814130724
OPT0353,CP017,Equity_Option,3000000,,,2025-01-18 02:05:18.482984,,,,,,,,Put,GOOGL,299.0,282.6724887230488,2025-10-31 02:05:18.482984,0.1711386959812548
OPT0354,CP005,Equity_Option,8000000,,,2025-11-01 02:05:18.482987,,,,,,,,Put,GOOGL,271.0,271.662428108047,2028-08-07 02:05:18.482987,0.16695840320916064
OPT0355,CP019,Equity_Option,8000000,,,2025-10-31 02:05:18.482989,,,,,,,,Put,AAPL,142.0,146.51660917138454,2026-06-15 02:05:18.482989,0.15711417340710968
OPT0356,CP014,Equity_Option,4000000,,,2025-03-04 02:05:18.482991,,,,,,,,Put,AAPL,247.0,258.732912957275,2030-01-13 02:05:18.482991,0.30493070623623636
OPT0357,CP019,Equity_Option,5000000,,,2025-12-02 02:05:18.482993,,,,,,,,Call,NDX,234.0,247.28383727272714,2027-05-02 02:05:18.482993,0.2599232087437849
OPT0358,CP010,Equity_Option,1000000,,,2025-09-10 02:05:18.482995,,,,,,,,Put,MSFT,195.0,178.17980046821245,2029-01-21 02:05:18.482995,0.20908895549548404
OPT0359,CP002,Equity_Option,3000000,,,2025-02-15 02:05:18.482996,,,,,,,,Call,NDX,203.0,208.0613408954831,2027-10-26 02:05:18.482996,0.17427728363188127
OPT0360,CP009,Equity_Option,7000000,,,2025-04-05 02:05:18.482998,,,,,,,,Call,SPX,225.0,214.23209849639628,2029-04-04 02:05:18.482998,0.15839024468632726
OPT0361,CP004,Equity_Option,8000000,,,2025-04-16 02:05:18.483000,,,,,,,,Put,AAPL,213.0,205.42638044674118,2025-10-20 02:05:18.483000,0.17279132694286342
OPT0362,CP016,Equity_Option,2000000,,,2025-11-09 02:05:18.483002,,,,,,,,Put,MSFT,112.0,113.84626754384232,2028-01-22 02:05:18.483002,0.17561914927324
OPT0363,CP018,Equity_Option,9000000,,,2025-05-13 02:05:18.483004,,,,,,,,Call,SPX,114.0,105.1264215376996,2029-05-08 02:05:18.483004,0.22519857798826226
OPT0364,CP025,Equity_Option,4000000,,,2025-09-15 02:05:18.483006,,,,,,,,Put,MSFT,177.0,174.8549366351836,2028-03-01 02:05:18.483006,0.1743002752601836
OPT0365,CP017,Equity_Option,3000000,,,2025-03-25 02:05:18.483009,,,,,,,,Put,GOOGL,131.0,130.89645337341304,2026-07-20 02:05:18.483009,0.28429098697892863
OPT0366,CP012,Equity_Option,5000000,,,2025-09-12 02:05:18.483011,,,,,,,,Call,NDX,218.0,234.53611357590577,2027-12-09 02:05:18.483011,0.30100838574925565
OPT0367,CP014,Equity_Option,6000000,,,2025-09-15 02:05:18.483012,,,,,,,,Put,MSFT,248.0,271.7285050285096,2026-05-08 02:05:18.483012,0.3006374671826806
OPT0368,CP013,Equity_Option,5000000,,,2025-08-21 02:05:18.483014,,,,,,,,Put,NDX,188.0,204.4457913002917,2028-02-12 02:05:18.483014,0.2951959819970591
OPT0369,CP015,Equity_Option,6000000,,,2025-08-31 02:05:18.483016,,,,,,,,Call,MSFT,126.0,137.72126950160032,2027-08-06 02:05:18.483016,0.25844744109836965
OPT0370,CP003,Equity_Option,7000000,,,2025-06-01 02:05:18.483018,,,,,,,,Call,AAPL,288.0,302.0212100780127,2027-03-16 02:05:18.483018,0.28777706041001816
OPT0371,CP025,Equity_Option,8000000,,,2025-02-03 02:05:18.483020,,,,,,,,Put,GOOGL,138.0,140.1299688187364,2025-08-29 02:05:18.483020,0.24231149488395798
OPT0372,CP012,Equity_Option,1000000,,,2025-08-22 02:05:18.483022,,,,,,,,Call,AAPL,243.0,258.1511577396735,2026-05-06 02:05:18.483022,0.20558041944977357
OPT0373,CP011,Equity_Option,5000000,,,2025-09-30 02:05:18.483024,,,,,,,,Call,NDX,163.0,172.7823135795926,2029-08-19 02:05:18.483024,0.296614259205935
OPT0374,CP016,Equity_Option,4000000,,,2025-05-11 02:05:18.483026,,,,,,,,Call,SPX,254.0,263.5445127818997,2029-09-16 02:05:18.483026,0.2548318341452324
OPT0375,CP012,Equity_Option,2000000,,,2025-03-12 02:05:18.483028,,,,,,,,Call,SPX,189.0,201.85063845466652,2026-09-07 02:05:18.483028,0.30173527802220096
OPT0376,CP019,Equity_Option,5000000,,,2025-04-09 02:05:18.483033,,,,,,,,Call,AAPL,119.0,114.8809724688463,2027-08-02 02:05:18.483033,0.17494281138227807
OPT0377,CP020,Equity_Option,5000000,,,2025-07-03 02:05:18.483035,,,,,,,,Put,AAPL,210.0,207.8416465000908,2027-06-08 02:05:18.483035,0.2826084009000984
OPT0378,CP021,Equity_Option,9000000,,,2025-06-05 02:05:18.483038,,,,,,,,Put,MSFT,153.0,158.98591528280232,2027-10-31 02:05:18.483038,0.22753471895007882
OPT0379,CP004,Equity_Option,8000000,,,2025-05-01 02:05:18.483040,,,,,,,,Call,AAPL,116.0,118.04629259320266,2029-06-24 02:05:18.483040,0.17082747158405748
OPT0380,CP004,Equity_Option,2000000,,,2025-06-20 02:05:18.483042,,,,,,,,Put,NDX,285.0,288.5046215136929,2028-05-17 02:05:18.483042,0.2704291288104962
OPT0381,CP017,Equity_Option,6000000,,,2025-09-06 02:05:18.483043,,,,,,,,Call,AAPL,287.0,305.6578361443356,2028-12-29 02:05:18.483043,0.28908312966561067
OPT0382,CP006,Equity_Option,3000000,,,2025-11-08 02:05:18.483045,,,,,,,,Call,MSFT,175.0,184.9713941989014,2029-02-26 02:05:18.483045,0.2380397995910981
OPT0383,CP023,Equity_Option,4000000,,,2025-09-09 02:05:18.483048,,,,,,,,Call,NDX,193.0,186.36824028931943,2028-09-11 02:05:18.483048,0.16250844537947368
OPT0384,CP022,Equity_Option,1000000,,,2025-07-15 02:05:18.483049,,,,,,,,Call,SPX,146.0,160.55174733267415,2028-01-30 02:05:18.483049,0.277510652894046
OPT0385,CP015,Equity_Option,7000000,,,2025-07-16 02:05:18.483051,,,,,,,,Put,MSFT,247.0,261.1111899331635,2027-01-09 02:05:18.483051,0.26437445424543726
OPT0386,CP020,Equity_Option,2000000,,,2025-06-07 02:05:18.483053,,,,,,,,Call,NDX,243.0,228.56270746414026,2030-02-12 02:05:18.483053,0.1830588221940349
OPT0387,CP022,Equity_Option,3000000,,,2025-05-04 02:05:18.483055,,,,,,,,Call,SPX,206.0,186.39670067232385,2029-05-20 02:05:18.483055,0.3381358490230681
OPT0388,CP019,Equity_Option,5000000,,,2025-11-07 02:05:18.483057,,,,,,,,Call,GOOGL,269.0,287.9767674693133,2030-07-13 02:05:18.483057,0.2461812001506139
OPT0389,CP005,Equity_Option,4000000,,,2025-03-21 02:05:18.483059,,,,,,,,Put,NDX,248.0,245.9260695821995,2027-12-01 02:05:18.483059,0.1599684055565883
OPT0390,CP001,Equity_Option,4000000,,,2025-06-14 02:05:18.483061,,,,,,,,Put,SPX,138.0,137.90232780500628,2027-12-19 02:05:18.483061,0.30310257979822197
OPT0391,CP012,Equity_Option,4000000,,,2025-12-01 02:05:18.483063,,,,,,,,Put,SPX,281.0,265.55757206748916,2029-04-02 02:05:18.483063,0.2813910312534279
OPT0392,CP024,Equity_Option,6000000,,,2025-03-10 02:05:18.483065,,,,,,,,Put,NDX,135.0,121.86187091366848,2029-01-03 02:05:18.483065,0.20234113674718118
OPT0393,CP014,Equity_Option,6000000,,,2025-05-11 02:05:18.483067,,,,,,,,Put,NDX,262.0,250.24208654677676,2027-03-06 02:05:18.483067,0.2357773757722077
OPT0394,CP013,Equity_Option,4000000,,,2025-03-03 02:05:18.483069,,,,,,,,Put,AAPL,169.0,154.30937612567624,2025-09-26 02:05:18.483069,0.2739398880398831
OPT0395,CP004,Equity_Option,7000000,,,2025-03-16 02:05:18.483071,,,,,,,,Put,SPX,206.0,191.1369092900449,2027-08-26 02:05:18.483071,0.16728492215250929
OPT0396,CP024,Equity_Option,8000000,,,2025-10-13 02:05:18.483073,,,,,,,,Call,MSFT,242.0,218.8562524039337,2029-03-08 02:05:18.483073,0.26203363669236834
OPT0397,CP012,Equity_Option,5000000,,,2025-09-21 02:05:18.483075,,,,,,,,Put,SPX,298.0,291.64949165519005,2029-10-06 02:05:18.483075,0.3462594180994493
OPT0398,CP023,Equity_Option,8000000,,,2025-05-11 02:05:18.483077,,,,,,,,Put,GOOGL,181.0,168.1477356201494,2029-04-14 02:05:18.483077,0.21765262106646965
OPT0399,CP012,Equity_Option,9000000,,,2025-06-10 02:05:18.483078,,,,,,,,Call,GOOGL,214.0,234.2018281082298,2026-03-02 02:05:18.483078,0.15440703205950082
